player_id,long_name,short_name,overall,club_name,player_positions,club_position,nationality_name
239837,Alexis Mac Allister,A. Mac Allister,87,Liverpool,"CM, CDM",LDM,Argentina
231866,Rodrigo Hernández Cascante,Rodri,90,Manchester City,"CDM, CM",CDM,Spain
212198,Bruno Miguel Borges Fernandes,Bruno Fernandes,87,Manchester United,"CAM, CM",LCM,Portugal
241096,Sandro Tonali,S. Tonali,86,Newcastle United,"CDM, CM",CDM,Italy
209331,Mohamed Salah Hamed Ghalyمحمد صلاح,M. Salah,91,Liverpool,"RM, RW",RM,Egypt
234378,Declan Rice,D. Rice,87,Arsenal,"CDM, CM",LCM,England
240638,Tijjani Martinus Jan Reijnders Lekatompessy,T. Reijnders,86,Manchester City,"CM, CDM, CAM",LCM,Netherlands
236772,Dominik Szoboszlai,D. Szoboszlai,83,Liverpool,"CAM, CM",SUB,Hungary
246669,Bukayo Saka,B. Saka,88,Arsenal,"RW, RM",RW,England
247851,Bruno Guimarães Rodrigues Moura,Bruno Guimarães,86,Newcastle United,"CM, CDM",RCM,Brazil
246104,Ryan Jiro Gravenberch,R. Gravenberch,85,Liverpool,"CDM, CM",RDM,Netherlands
238074,Reece James,R. James,81,Chelsea,RB,RB,England
225193,Mikel Merino Zazón,Mikel Merino,83,Arsenal,"CM, ST",SUB,Spain
247090,Enzo Jeremías Fernández,E. Fernández,84,Chelsea,"CM, CDM, CAM",LDM,Argentina
243576,Pedro Antonio Porro Sauceda,Pedro Porro,82,Tottenham Hotspur,"RB, RM",RB,Spain
222665,Martin Ødegaard,M. Ødegaard,87,Arsenal,"CM, CAM",RCM,Norway
210881,John McGinn,J. McGinn,81,Aston Villa,"LM, RM, CAM, LB",RM,Scotland
223334,Joelinton Cassio Apolinário de Lira,Joelinton,82,Newcastle United,"CM, LW, LM",LCM,Brazil
243014,Bryan Tetsadong Marceau Mbeumo,B. Mbeumo,85,Manchester United,"RW, RM, ST",RW,Cameroon
216393,Youri Tielemans,Y. Tielemans,85,Aston Villa,"CM, CDM, CAM",CAM,Belgium
239231,Marc Cucurella Saseta,Marc Cucurella,84,Chelsea,LB,LB,Spain
247394,Dejan KulusevskiДејан Кулушевски,D. Kulusevski,83,Tottenham Hotspur,"CM, RW, CAM",RES,Sweden
218667,Bernardo Mota Veiga de Carvalho e Silva,Bernardo Silva,84,Manchester City,"CM, RM, CDM, CAM",RCM,Portugal
256630,Florian Richard Wirtz,F. Wirtz,89,Liverpool,"CAM, ST, CM",CAM,Germany
251479,Maxim De Cuyper,M. De Cuyper,80,Brighton & Hove Albion,"LB, RB, LM",LB,Belgium
236499,Douglas Luiz Soares de Paulo,Douglas Luiz,80,Nottingham Forest,"CM, CDM",SUB,Brazil
256079,Moisés Isaac Caicedo Corozo,M. Caicedo,87,Chelsea,"CDM, CM",RDM,Ecuador
251517,Joško Gvardiol,J. Gvardiol,84,Manchester City,"LB, CB, LM",LCB,Croatia
186345,Kieran John Trippier,K. Trippier,80,Newcastle United,"RB, RM",RB,England
233927,Lucas Tolentino Coelho de Lima,Lucas Paquetá,80,West Ham United,"CM, LM, CAM",CAM,Brazil
239085,Erling Braut Håland,E. Haaland,90,Manchester City,ST,ST,Norway
254243,Elliot Junior Anderson,E. Anderson,80,Nottingham Forest,"CDM, CM",LDM,England
257534,Cole Jermaine Palmer,C. Palmer,87,Chelsea,"CAM, RM, ST",CAM,England
236015,Morgan Anthony Gibbs-White,M. Gibbs-White,82,Nottingham Forest,"CAM, ST",CAM,England
200458,Lucas Digne,L. Digne,80,Aston Villa,"LB, LM",LB,France
220697,James Daniel Maddison,J. Maddison,84,Tottenham Hotspur,"CM, CAM",RES,England
260247,Morgan Elliot Rogers,M. Rogers,82,Aston Villa,"CAM, RM, LM, CM",LM,England
241651,Viktor Einar Gyökeres,V. Gyökeres,87,Arsenal,ST,ST,Sweden
272500,Carlos Noom Quomah Baleba,C. Baleba,81,Brighton & Hove Albion,"CDM, CM",RDM,Cameroon
245367,Xavier Quentin Shay Simons,X. Simons,84,Tottenham Hotspur,"CAM, LM, ST",SUB,Netherlands
199503,Granit Xhaka,G. Xhaka,85,Sunderland,"CDM, CM",CDM,Switzerland
260908,Milos KerkezМилош Керкез,M. Kerkez,82,Liverpool,"LB, LM",LB,Hungary
188377,Kyle Andrew Walker,K. Walker,79,Burnley,"RB, RM",RB,England
207410,Mateo Kovačić,M. Kovačić,83,Manchester City,"CM, CDM, CAM",RES,Croatia
237692,Philip Walter Foden,P. Foden,85,Manchester City,"RW, CM, LW, RM",SUB,England
253124,Matheus Luiz Nunes,Matheus Nunes,79,Manchester City,"RB, CM, RM",RB,Portugal
242516,Cody Mathès Gakpo,C. Gakpo,84,Liverpool,"LM, LW",LM,Netherlands
244374,Mykola ShaparenkoШапаренко Микола Володимирович,M. Shaparenko,78,Dynamo Kyiv,"CM, CAM, CDM",CAM,Ukraine
273018,Andrey Nascimento dos Santos,Andrey Santos,80,Chelsea,"CM, CDM",SUB,Brazil
221697,Oliver George Arthur Watkins,O. Watkins,84,Aston Villa,ST,ST,England
183711,Jordan Brian Henderson,J. Henderson,79,Brentford,"CDM, CM",RDM,England
248148,Martín Zubimendi Ibáñez,Zubimendi,83,Arsenal,"CDM, CM",CDM,Spain
216267,Andrew Henry Robertson,A. Robertson,82,Liverpool,"LB, LM",SUB,Scotland
237646,Daniel Muñoz Mejía,D. Muñoz,81,Crystal Palace,"RB, RM",RB,Colombia
235794,Eberechi Oluchi Eze,E. Eze,83,Arsenal,"CAM, LW, ST",SUB,England
240243,Matheus Santos Carneiro da Cunha,Matheus Cunha,83,Manchester United,"CAM, LW, ST",LW,Brazil
213884,Ryan Christie,R. Christie,79,AFC Bournemouth,"CDM, CM, CAM",SUB,Scotland
241508,Mikkel Krogh Damsgaard,M. Damsgaard,80,Brentford,"CAM, CM",CAM,Denmark
210047,Fabian Lukas Schär,F. Schär,82,Newcastle United,CB,RCB,Switzerland
226162,Emiliano Buendía Stati,E. Buendía,77,Aston Villa,"CAM, LM, RM, CM",SUB,Argentina
242964,Anthony Michael Gordon,A. Gordon,83,Newcastle United,"LW, RW, LM",LW,England
203376,Virgil van Dijk,V. van Dijk,90,Liverpool,CB,LCB,Netherlands
242434,Curtis Jones,C. Jones,80,Liverpool,"CAM, CM, CDM",SUB,England
259583,Iyenoma Destiny Udogie,D. Udogie,80,Tottenham Hotspur,LB,SUB,Italy
235152,Ferdi Erenay Kadıoğlu,F. Kadıoğlu,79,Brighton & Hove Albion,"RB, LB, RM",SUB,Türkiye
213991,Jefferson Andrés Lerma Solís,J. Lerma,77,Crystal Palace,"CDM, CM, CB",SUB,Colombia
256675,Omar Khaled Mohamed Marmoush,O. Marmoush,84,Manchester City,"ST, CAM, LW",LW,Egypt
227535,Rodrigo Bentancur Colmán,R. Bentancur,80,Tottenham Hotspur,"CDM, CM",SUB,Uruguay
227813,Oleksandr ZinchenkoЗінченко Олександр Володимирович,O. Zinchenko,77,Nottingham Forest,LB,SUB,Ukraine
239301,Lisandro Martínez,L. Martínez,81,Manchester United,CB,RES,Argentina
266127,Lewis Kieran Hall,L. Hall,80,Newcastle United,LB,SUB,England
237386,Kiernan Frank Dewsbury-Hall,K. Dewsbury-Hall,77,Everton,"CM, CAM, CDM",CAM,England
234574,José Diogo Dalot Teixeira,Diogo Dalot,79,Manchester United,"RB, LB, RM",SUB,Portugal
224371,Jarrod Bowen,J. Bowen,83,West Ham United,"RM, ST, RW",RS,England
253149,Jeremie Agyekum Frimpong,J. Frimpong,83,Liverpool,"RB, RM, RW",RB,Netherlands
233731,Alexander Isak,A. Isak,88,Liverpool,ST,SUB,Sweden
245637,Georginio Rutter,G. Rutter,77,Brighton & Hove Albion,"CAM, ST",CAM,France
206085,Jacob Kai Murphy,J. Murphy,81,Newcastle United,"RW, RM",SUB,England
259868,Pape Matar Sarr,P. Sarr,79,Tottenham Hotspur,"CM, CDM",RCM,Senegal
236699,Saša LukićСаша Лукић,S. Lukić,78,Fulham FC,"CDM, CM",LDM,Serbia
245155,Mohammed Kudus,M. Kudus,80,Tottenham Hotspur,"RW, LW, ST, RM",RW,Ghana
257191,Anton Levi Stach,A. Stach,79,Leeds United,"CDM, CM, CB",LCM,Germany
224294,Lewis John Cook,L. Cook,79,AFC Bournemouth,"CDM, RB, RM",SUB,England
236401,Noussair Mazraouiنصير مزراوي,N. Mazraoui,80,Manchester United,"RB, CB, RM",RB,Morocco
248465,Ian Ethan Maatsen,I. Maatsen,79,Aston Villa,"LB, LM",SUB,Netherlands
236480,Yves Bissouma,Y. Bissouma,78,Tottenham Hotspur,"CDM, CM",SUB,Mali
269136,Kobbie Mainoo,K. Mainoo,77,Manchester United,"CM, CDM",SUB,England
255069,Nicolás González Iglesias,Nico González,79,Manchester City,"CDM, CM",SUB,Spain
246923,Jacob Matthew Ramsey,J. Ramsey,78,Newcastle United,"LM, LW",SUB,England
251566,Gabriel Teodoro Martinelli Silva,Gabriel Martinelli,81,Arsenal,"LW, LM",SUB,Brazil
242641,Rayan Aït Nouriريان آيت نوري,R. Aït-Nouri,81,Manchester City,"LB, LM",LB,Algeria
278773,Myles Anthony Lewis-Skelly,M. Lewis-Skelly,78,Arsenal,"LB, CM",SUB,England
205569,James Michael Edward Ward-Prowse,J. Ward-Prowse,77,West Ham United,"CM, CDM, CAM, CB",LCM,England
255565,Kaoru Mitoma三笘 薫,K. Mitoma,82,Brighton & Hove Albion,"LM, LW",LM,Japan
224656,Temitayo Olufisayo Olaoluwa Aina,O. Aina,80,Nottingham Forest,"RB, LB, RM",RB,Nigeria
213655,Alexander Chuka Iwobi,A. Iwobi,80,Fulham FC,"LM, RM, LW",LM,Nigeria
231943,Richarlison de Andrade,Richarlison,78,Tottenham Hotspur,"ST, LW, LM",SUB,Brazil
232730,Daichi Kamada鎌田 大地,D. Kamada,77,Crystal Palace,"CM, CAM",SUB,Japan
205988,Luke Paul Hoare Shaw,L. Shaw,79,Manchester United,"CB, LB, LM",LCB,England
206517,Jack Peter Grealish,J. Grealish,80,Everton,"LW, LM",LM,England
233064,Mason Tony Mount,M. Mount,77,Manchester United,"CAM, CM, RW",SUB,England
257711,Riccardo Calafiori,R. Calafiori,78,Arsenal,"LB, CB",LB,Italy
235790,Kai Lukas Havertz,K. Havertz,82,Arsenal,"ST, CM, CAM",SUB,Germany
235456,Jean-Ricner Bellegarde,J. Bellegarde,75,Wolverhampton Wanderers,"CAM, CM",SUB,Haiti
200145,Carlos Henrique Casimiro,Casemiro,80,Manchester United,"CDM, CM",RCM,Brazil
248793,Mats Wieffer,M. Wieffer,78,Brighton & Hove Albion,"CDM, CM",SUB,Netherlands
257980,Dan Assane Ndoye,D. Ndoye,79,Nottingham Forest,"LM, RM, LW",RM,Switzerland
229348,Antonee Robinson,A. Robinson,82,Fulham FC,"LB, LM",LB,United States
252064,Ladislav Krejčí,L. Krejčí,78,Wolverhampton Wanderers,"CB, CDM",SUB,Czechia
212491,Fuka-Arthur Masuaku Kawela,A. Masuaku,75,Sunderland,"LB, LM",SUB,Congo DR
258171,Hannibal Mejbriحنبعل المجبري,Hannibal,74,Burnley,"CM, CAM",CAM,Tunisia
236764,Ao Tanaka田中 碧,A. Tanaka,76,Leeds United,"CDM, CM",RCM,Japan
230666,Gabriel Fernando de Jesus,Gabriel Jesus,80,Arsenal,"ST, CAM",RES,Brazil
237329,Joseph George Willock,J. Willock,76,Newcastle United,"CM, CAM",SUB,England
273463,João Victor Gomes da Silva,João Gomes,78,Wolverhampton Wanderers,"CDM, CM",LCM,Brazil
237819,Nicolás Martín Domínguez,N. Domínguez,79,Nottingham Forest,"CDM, CM",RES,Argentina
229391,João Maria Lobo Alves Palhinha Gonçalves,Palhinha,83,Tottenham Hotspur,"CDM, CM",CDM,Portugal
235805,Federico Chiesa,F. Chiesa,81,Liverpool,"RM, LM, ST, RW",SUB,Italy
243606,Keane William Lewis-Potter,K. Lewis-Potter,76,Brentford,"LB, LM",LB,England
73374,Christantus Ugonna Uche Uche,C. Uche,76,Crystal Palace,"ST, CAM, CM",SUB,Nigeria
227174,Matthew Stuart Cash,M. Cash,79,Aston Villa,"RB, RM",RB,Poland
243282,Dwight James Matthew McNeil,D. McNeil,78,Everton,"LM, CAM, RM, LW",SUB,England
272926,Lucas Erik Holger Bergvall,L. Bergvall,77,Tottenham Hotspur,"CM, CDM, CAM",LCM,Sweden
274915,El Hadji Malick Diouf,E. Diouf,75,West Ham United,"LB, LM",LB,Senegal
210697,Christian Thers Nørgaard,C. Nørgaard,80,Arsenal,"CDM, CM",SUB,Denmark
259240,Adam James Wharton,A. Wharton,79,Crystal Palace,"CDM, CM",RCM,England
277439,Volodymyr BrazhkoБражко Володимир Володимирович,V. Brazhko,75,Dynamo Kyiv,"CDM, CM, CB",SUB,Ukraine
232999,Tyler Shaan Adams,T. Adams,79,AFC Bournemouth,"CDM, CM",LDM,United States
208920,Nathan Benjamin Aké,N. Aké,83,Manchester City,"CB, LB, LM",SUB,Netherlands
229723,Mathias Jensen,M. Jensen,77,Brentford,"CM, CDM",SUB,Denmark
271121,Quilindschy Hartman,Q. Hartman,77,Burnley,"LB, LM",LB,Netherlands
254796,Chukwunonso Tristan Madueke,N. Madueke,80,Arsenal,"RW, RM",SUB,England
277283,Jack Luca Hinshelwood,J. Hinshelwood,75,Brighton & Hove Albion,"CDM, RB, LB, RM",SUB,England
253306,Manuel Ugarte Ribeiro,M. Ugarte,79,Manchester United,"CDM, CM",SUB,Uruguay
241236,Antoine Serlom Semenyo,A. Semenyo,80,AFC Bournemouth,"RM, LM, RW",LM,Ghana
199189,Ross Barkley,R. Barkley,77,Aston Villa,"CM, CAM",SUB,England
232487,Wataru Endo遠藤 航,W. Endo,79,Liverpool,"CDM, CM",SUB,Japan
227678,Ezri Konsa Ngoyo,E. Konsa,82,Aston Villa,"CB, RB, RM",RCB,England
235883,Kouassi Ryan Sessegnon,R. Sessegnon,75,Fulham FC,LB,SUB,England
257400,Yasin Abbas Ayari,Y. Ayari,75,Brighton & Hove Albion,"CM, CDM",LDM,Sweden
257057,Amadou Zeund Georges Ba Mvom Onana,A. Onana,79,Aston Villa,"CDM, CM",LDM,Belgium
255074,Artem BondarenkoБондаренко Артем Юрійович,A. Bondarenko,77,Shakhtar Donetsk,"CAM, CM, CDM",RCM,Ukraine
236987,Boubacar Bernard Kamara,B. Kamara,83,Aston Villa,"CDM, CM",RDM,France
262118,Valentino Francisco Livramento,T. Livramento,80,Newcastle United,"RB, LB, RM",LB,England
259307,Malo Gusto,M. Gusto,79,Chelsea,"RB, RM",SUB,France
204838,Raúl Alonso Jiménez Rodríguez,R. Jiménez,77,Fulham FC,ST,SUB,Mexico
228151,Joshua Jon Cullen,J. Cullen,76,Burnley,"CDM, CM",LDM,Republic of Ireland
207421,Leandro Trossard,L. Trossard,83,Arsenal,"LW, ST, LM",LW,Belgium
237477,Marcus Joseph Tavernier,M. Tavernier,76,AFC Bournemouth,"LM, RM, CAM, LW",CAM,England
236822,Gabriel Gudmundsson,G. Gudmundsson,77,Leeds United,"LB, LM, CB",LB,Sweden
238616,Pedro Lomba Neto,Pedro Neto,80,Chelsea,"RM, LM, ST, RW",RM,Portugal
251805,Jurriën David Norman Timber,J. Timber,82,Arsenal,"RB, LB, CB, RM",RB,Netherlands
236792,Tomáš Souček,T. Souček,78,West Ham United,"CDM, CM",RCM,Czechia
240740,Callum James Hudson-Odoi,C. Hudson-Odoi,78,Nottingham Forest,"LM, LW",LM,England
235167,Vitaly Janelt,V. Janelt,76,Brentford,"CM, CDM",SUB,Germany
239373,Zian Flemming,Z. Flemming,73,Burnley,ST,SUB,Netherlands
236920,Justin Dean Kluivert,J. Kluivert,79,AFC Bournemouth,"CAM, LM, CM",SUB,Netherlands
236045,Reinildo Isnard Mandava,Reinildo,79,Sunderland,"LB, CB, LM",LB,Mozambique
278016,Murillo Santiago Costa dos Santos,Murillo,83,Nottingham Forest,CB,LCB,Brazil
186146,Daniel Nii Tackie Mensah Welbeck,D. Welbeck,78,Brighton & Hove Albion,ST,ST,England
264293,Mouhamadou Habib Diarra,H. Diarra,77,Sunderland,"CM, CAM",RCM,Senegal
257470,Anthony David Junior Elanga,A. Elanga,81,Newcastle United,"RW, RM",RW,Sweden
244373,Vitaliy BuyalskyiБуяльський Віталій Казимирович,V. Buyalskyi,76,Dynamo Kyiv,"CAM, CM, CDM",SUB,Ukraine
243657,James David Garner,J. Garner,76,Everton,"CDM, CM",RDM,England
220710,Harry Wilson,H. Wilson,76,Fulham FC,"RM, RW",RM,Wales
234742,Harvey Lewis Barnes,H. Barnes,80,Newcastle United,"LW, LM",SUB,England
255223,Amine Adliأمين عدلي,A. Adli,78,AFC Bournemouth,"ST, LM, CAM",SUB,Morocco
203574,John Stones,J. Stones,82,Manchester City,"CB, RB",SUB,England
229528,Mykola MatvienkoМатвієнко Микола Олександрович,M. Matviienko,77,Shakhtar Donetsk,"CB, LB, RB",LCB,Ukraine
235432,Marshall Nyasha Munetsi,M. Munetsi,76,Wolverhampton Wanderers,"CM, CAM, RW",RW,Zimbabwe
217826,Joshua Ishaele Jacob-Heron Hunt-Laurent,J. Laurent,73,Burnley,"CDM, CM, CAM",RDM,England
231447,Donyell Malen,D. Malen,79,Aston Villa,"RM, RW, LM",SUB,Netherlands
254088,Amad Diallo Traoré,Amad,79,Manchester United,"CAM, RW, RM, CM",SUB,Côte d'Ivoire
239529,Ogochukwu Frank Onyeka,F. Onyeka,74,Brentford,"CM, CDM",SUB,Nigeria
236461,Jean-Philippe Mateta,J. Mateta,82,Crystal Palace,ST,ST,France
193474,Idrissa Gana Gueye,I. Gueye,79,Everton,"CDM, CM",LDM,Senegal
260592,Benjamin Šeško,B. Šeško,80,Manchester United,ST,ST,Slovenia
235173,Ibrahim Sangaré,I. Sangaré,77,Nottingham Forest,"CDM, CM",RDM,Côte d'Ivoire
243256,Oleksandr PikhalyonokПіхальонок Олександр Олександрович,O. Pikhalyonok,75,Dynamo Kyiv,"CM, CAM, CDM",RDM,Ukraine
225863,Olivier Maxime Boscagli,O. Boscagli,79,Brighton & Hove Albion,CB,SUB,France
264298,Conor Bradley,C. Bradley,78,Liverpool,"RB, RM",SUB,Northern Ireland
237679,Randal Kolo Muani,R. Kolo Muani,81,Tottenham Hotspur,ST,SUB,France
206516,William James Hughes,W. Hughes,77,Crystal Palace,"CDM, CM",LCM,England
277427,Nico O'Reilly,N. O'Reilly,73,Manchester City,"LB, CM, CAM",SUB,England
269278,Diego Alexander Gómez Amarilla,D. Gómez,73,Brighton & Hove Albion,"CM, CDM",SUB,Paraguay
234824,Yoane Wissa,Y. Wissa,82,Newcastle United,ST,SUB,Congo DR
215700,Luke Terry O'Nien,L. O'Nien,72,Sunderland,CB,SUB,England
138412,James Philip Milner,J. Milner,73,Brighton & Hove Albion,"CM, RB, CDM",SUB,England
270857,Mateus Gonçalo Espanha Fernandes,Mateus Fernandes,76,West Ham United,"CAM, CM",SUB,Portugal
241187,Lutsharel Geertruida,L. Geertruida,78,Sunderland,"CB, RB, LB",SUB,Netherlands
263620,Roméo Lavia,R. Lavia,78,Chelsea,"CDM, CM",SUB,Belgium
74866,André Trindade da Costa Neto,André,78,Wolverhampton Wanderers,"CDM, CM",RCM,Brazil
261299,Alex Jay Scott,A. Scott,74,AFC Bournemouth,"CAM, CDM, CM",RDM,England
241602,Jhon Adolfo Arias Andrade,J. Arias,78,Wolverhampton Wanderers,"RW, CAM, LW, RM",LW,Colombia
252042,João Pedro Junqueira de Jesus,João Pedro,79,Chelsea,"ST, CAM",ST,Brazil
250961,Joshua Orobosa Zirkzee,J. Zirkzee,77,Manchester United,"ST, CAM",SUB,Netherlands
225539,Dominic Ayodele Solanke-Mitchell,D. Solanke,80,Tottenham Hotspur,ST,ST,England
227503,Jacob Bruun Larsen,J. Larsen,74,Burnley,"LM, RM, ST, LW",SUB,Denmark
244380,Vitalii MykolenkoМиколенко Віталій Сергійович,V. Mykolenko,78,Everton,"LB, LM",LB,Ukraine
228092,Sander Gard Bolin Berge,S. Berge,79,Fulham FC,"CDM, CM, CB",RDM,Norway
225147,Connor Richard John Roberts,C. Roberts,75,Burnley,RB,SUB,Wales
270208,Archie Gray,A. Gray,75,Tottenham Hotspur,"CDM, CB, RB, RM",SUB,England
229880,Aaron Wan-Bissaka,A. Wan-Bissaka,80,West Ham United,"RB, RM",RB,Congo DR
232104,Daniel Owen James,D. James,76,Leeds United,"RM, RW",RM,Wales
257289,Hugo Ekitiké,H. Ekitiké,83,Liverpool,"ST, CAM",ST,France
205431,Niclas Füllkrug,N. Füllkrug,79,West Ham United,ST,LS,Germany
269230,Noah Junior Sadiki,N. Sadiki,74,Sunderland,"CM, CDM, CAM",LCM,Congo DR
277432,Patrick Chinazaekpere Dorgu,P. Dorgu,74,Manchester United,"LB, LM",LB,Denmark
256769,Adrien Truffert,A. Truffert,77,AFC Bournemouth,"LB, LM",LB,France
201417,Matthew James Doherty,M. Doherty,74,Wolverhampton Wanderers,"CB, RB, RM",RCB,Republic of Ireland
262937,Jackson Tchatchoua,J. Tchatchoua,74,Wolverhampton Wanderers,"RB, RM",SUB,Cameroon
256402,Carlos Jonás Alcaraz,C. Alcaraz,75,Everton,"CAM, CM, ST",SUB,Argentina
261530,Dário Cassia Luís Essugo,Dário Essugo,75,Chelsea,"CDM, CM, CB",RES,Portugal
202652,Raheem Shaquille Sterling,R. Sterling,78,Chelsea,"LW, LM, RM",RES,England
243057,Neco Shay Williams,N. Williams,78,Nottingham Forest,"LB, RB, LM",LB,Wales
206594,Solomon Benjamin March,S. March,75,Brighton & Hove Albion,"RM, RW",RES,England
76687,Estêvão Willian Almeida,Estêvão,78,Chelsea,"RM, CAM, RW",SUB,Brazil
258483,Daniel Neil,D. Neil,73,Sunderland,"CDM, CM",SUB,England
237161,Sean David Longstaff,S. Longstaff,75,Leeds United,"CM, CDM",SUB,England
223197,Enes Ünal,E. Ünal,77,AFC Bournemouth,ST,RES,Türkiye
241464,Pau Francisco Torres,Pau Torres,80,Aston Villa,CB,SUB,Spain
195202,Thomas Cairney,T. Cairney,74,Fulham FC,"CM, CDM, CAM",SUB,Scotland
240273,Emile Smith Rowe,E. Smith Rowe,77,Fulham FC,"CAM, CM, LM",SUB,England
268438,Alejandro Garnacho Ferreyra,A. Garnacho,77,Chelsea,"CAM, LW, LM, CM",RES,Argentina
261188,Iliman Cheikh Baroy Ndiaye,I. Ndiaye,79,Everton,"LM, RM, LW",RM,Senegal
256197,Piero Martín Hincapié Reyna,P. Hincapié,83,Arsenal,"CB, LB, LM",SUB,Ecuador
260145,Omari Elijah Giraud-Hutchinson,O. Hutchinson,75,Nottingham Forest,"CAM, RM, CM",SUB,England
207948,Bertrand Isidore Traoré,B. Traoré,75,Sunderland,"RW, RM",SUB,Burkina Faso
224081,Kalvin Mark Phillips,K. Phillips,74,Manchester City,"CDM, CM",RES,England
226166,Nordi Mukiele Mulere,N. Mukiele,79,Sunderland,"RB, CB, RM",RCB,France
256612,Francisco Evanilson de Lima Barbosa,Evanilson,80,AFC Bournemouth,ST,ST,Brazil
246174,Harvey Scott Elliott,H. Elliott,78,Aston Villa,"CAM, CM, RW",SUB,England
73895,Justin Devenny,J. Devenny,71,Crystal Palace,"CAM, LW, LM, CM",LW,Northern Ireland
233049,Jadon Malik Sancho,J. Sancho,80,Aston Villa,"LM, RM, LW",SUB,England
275468,Andrés García Robledo,Andrés García,73,Aston Villa,"RB, RM",RES,Spain
242271,Andrew Irving,A. Irving,70,West Ham United,"CM, CAM",SUB,Scotland
235243,Matthijs de Ligt,M. de Ligt,82,Manchester United,CB,CB,Netherlands
260926,Kevin Schade,K. Schade,78,Brentford,"LM, LW",LM,Germany
235353,Ismaïla Sarr,I. Sarr,79,Crystal Palace,"CAM, RW, CM",RW,Senegal
192123,Christopher Grant Wood,C. Wood,82,Nottingham Forest,ST,ST,New Zealand
259714,Merlin Röhl,M. Röhl,74,Everton,"CAM, CM, CDM, ST",SUB,Germany
265552,Dango Aboubacar Faissal Ouattara,D. Ouattara,77,Brentford,"LM, RM, ST, LW",SUB,Burkina Faso
271574,Rico Henry Mark Lewis,R. Lewis,77,Manchester City,"RB, LB, CM",SUB,England
240359,Omar Federico Alderete Fernández,O. Alderete,78,Sunderland,CB,LCB,Paraguay
261224,Hugo Bueno López,Hugo Bueno,74,Wolverhampton Wanderers,"LB, LM",SUB,Spain
243388,Borna Sosa,B. Sosa,73,Crystal Palace,"LB, LM",SUB,Croatia
262859,Levi Lemar Samuel Colwill,L. Colwill,80,Chelsea,CB,SUB,England
238041,Tyrell Johannes Chicco Malacia,T. Malacia,75,Manchester United,"LB, LM",RES,Netherlands
264453,Micky van de Ven,M. van de Ven,82,Tottenham Hotspur,"CB, LB, LM",LCB,Netherlands
247361,Brenden Russell Aaronson,B. Aaronson,74,Leeds United,"CAM, CM",SUB,United States
246763,Ki-Jana Delano Hoever,K. Hoever,74,Wolverhampton Wanderers,"RB, RM",RB,Netherlands
262642,Mohamed Zeki Amdouni,Z. Amdouni,75,Burnley,"ST, CAM",RES,Switzerland
222501,Timothy Castagne,T. Castagne,76,Fulham FC,"RB, RM",SUB,Belgium
258908,Jan Paul van Hecke,J. van Hecke,80,Brighton & Hove Albion,CB,RCB,Netherlands
256261,Malick Laye Thiaw,M. Thiaw,78,Newcastle United,CB,SUB,Germany
246350,Enzo Jérémy Le Fée,E. Le Fée,76,Sunderland,"CM, LM, CAM, LW",SUB,France
258444,Evann Guessand,E. Guessand,79,Aston Villa,"RM, RW, ST",SUB,Côte d'Ivoire
251421,Brennan Price Johnson,B. Johnson,79,Tottenham Hotspur,"RW, RM, LW",LW,Wales
226380,Hee-chan Hwang황희찬 黄喜灿,Hwang Hee Chan,75,Wolverhampton Wanderers,"ST, LW, CAM",SUB,Korea Republic
196978,Callum Eddie Graham Wilson,C. Wilson,78,West Ham United,ST,SUB,England
194794,Andriy YarmolenkoЯрмоленко Андрій Миколайович,A. Yarmolenko,73,Dynamo Kyiv,"RM, ST, LW, RW",RM,Ukraine
242530,Noah Arinzechukwu Okafor,N. Okafor,76,Leeds United,"ST, LM, LW, CAM",SUB,Switzerland
263640,Antoni-Djibu Milambo,A. Milambo,73,Brentford,"CM, CAM",SUB,Netherlands
235642,Ryan James Yates,R. Yates,77,Nottingham Forest,"CDM, CM",SUB,England
243702,Diop Tehuti Djed-Hotep Spence,D. Spence,78,Tottenham Hotspur,"RB, LB, RM",LB,England
270608,Yehor YarmoliukЯрмолюк Єгор Романович,Y. Yarmoliuk,71,Brentford,"CM, CDM",LDM,Ukraine
277068,Lucas Pires Silva,Lucas Pires,74,Burnley,"LB, LM",SUB,Brazil
246420,Jérémy Doku,J. Doku,80,Manchester City,"LW, RW, LM",SUB,Belgium
243715,William Alain André Gabriel Saliba,W. Saliba,87,Arsenal,CB,RCB,France
277909,Eli Junior Eric Anat Kroupi,E. Kroupi,74,AFC Bournemouth,ST,SUB,France
242619,Cheick Oumar Doucouré,C. Doucouré,77,Crystal Palace,"CDM, CM",RES,Mali
230084,Lukas Okechukwu Nmecha,L. Nmecha,76,Leeds United,ST,SUB,Germany
230918,Trevoh Thomas Chalobah,T. Chalobah,79,Chelsea,"CB, RB, RM",RCB,England
268421,Mathys Henri Tel,M. Tel,77,Tottenham Hotspur,"ST, LW, CAM",SUB,France
190885,Adam James Smith,A. Smith,73,AFC Bournemouth,"RB, RM",RB,England
225659,Guido Rodríguez,G. Rodríguez,77,West Ham United,"CDM, CM",SUB,Argentina
244591,Jayden Ian Bogle,J. Bogle,75,Leeds United,"RB, RM",RB,England
216266,Kenny Joelle Tete,K. Tete,77,Fulham FC,"RB, RM",RB,Netherlands
241436,Calvin Bassey Ughelumba,C. Bassey,78,Fulham FC,CB,LCB,Nigeria
253444,Arnaud Kalimuendo Muinga,A. Kalimuendo,78,Nottingham Forest,ST,SUB,France
246565,Bafodé Diakité,B. Diakité,79,AFC Bournemouth,CB,RCB,France
213956,Adama Traoré Diarra,Adama Traoré,76,Fulham FC,"RM, RW",SUB,Spain
271807,Ethan Chidiebere Nwaneri,E. Nwaneri,76,Arsenal,"RW, CM, RM",SUB,England
205923,Benjamin Thomas Davies,B. Davies,75,Tottenham Hotspur,CB,SUB,Wales
231554,James Michael Justin,J. Justin,74,Leeds United,"RB, LB, LM",SUB,England
246172,Samuel Chimerenka Chukwueze,S. Chukwueze,80,Fulham FC,"RM, RW",SUB,Nigeria
248808,Aaron Buchanan Hickey,A. Hickey,74,Brentford,"RB, RM",SUB,Scotland
220196,David Robert Brooks,D. Brooks,75,AFC Bournemouth,"RM, RW",RM,Wales
272978,Jorrel Hato,J. Hato,78,Chelsea,"LB, CB",SUB,Netherlands
264579,Freddie Potts,F. Potts,70,West Ham United,"CDM, CM",SUB,England
244238,Jaka Bijol,J. Bijol,77,Leeds United,CB,SUB,Slovenia
266609,Timothy Emeka Iroegbunam,T. Iroegbunam,74,Everton,"CDM, CM",SUB,England
232080,Jack David Harrison,J. Harrison,74,Leeds United,"RM, RW",SUB,England
259031,Liam Rory Delap,L. Delap,78,Chelsea,ST,SUB,England
248384,Ilia Iliev GruevИлия Илиев Груев,I. Gruev,74,Leeds United,"CDM, CM",CDM,Bulgaria
270409,Sávio Moreira de Oliveira,Savinho,82,Manchester City,"RW, LW, RM",SUB,Brazil
237109,Oleksandr KaravaevКараваєв Олександр Олександрович,O. Karavaiev,73,Dynamo Kyiv,"RB, RM, LB",SUB,Ukraine
259377,Yéremy Jesús Pino Santos,Yeremy Pino,80,Crystal Palace,"RM, LM, LW, RW",SUB,Spain
271800,Yankuba Minteh,Y. Minteh,77,Brighton & Hove Albion,"RM, RW",RM,Gambia
234569,Florentino Ibrain Morris Luís,Florentino,80,Burnley,"CDM, CM, CB",SUB,Portugal
251570,Mathis Rayan Cherki,R. Cherki,81,Manchester City,"RW, RM, CAM",RES,France
70845,Marlon Gomes Claudino,Marlon Gomes,71,Shakhtar Donetsk,"CM, CAM, CDM",SUB,Brazil
180216,Séamus Coleman,S. Coleman,70,Everton,"RB, RM",SUB,Republic of Ireland
240947,Tyrick Kwon Mitchell,T. Mitchell,78,Crystal Palace,"LB, LM",LB,England
231936,Benjamin William White,B. White,83,Arsenal,RB,SUB,England
203263,Jacob Harry Maguire,H. Maguire,80,Manchester United,CB,SUB,England
250789,Dilane Bakwa,D. Bakwa,78,Nottingham Forest,"RM, RW",SUB,France
239818,Rúben dos Santos Gato Alves Dias,Rúben Dias,86,Manchester City,CB,RCB,Portugal
232580,Gabriel dos Santos Magalhães,Gabriel,88,Arsenal,CB,LCB,Brazil
224221,Joachim Christian Andersen,J. Andersen,78,Fulham FC,CB,RCB,Denmark
232488,Cristian Gabriel Romero,C. Romero,82,Tottenham Hotspur,CB,RCB,Argentina
207650,Emil Henry ­Kristoffer Krafth,E. Krafth,73,Newcastle United,"CB, RB, RM",SUB,Sweden
257084,Lesley Chimuanya Ugochukwu,L. Ugochukwu,73,Burnley,"CDM, CM",SUB,France
208004,Joël Ivo Veltman,J. Veltman,78,Brighton & Hove Albion,"RB, RM",RB,Netherlands
241159,Addji Keaninkin Marc-Israel Guéhi,M. Guéhi,82,Crystal Palace,CB,LCB,England
262135,David Møller Wolfe,D. Wolfe,73,Wolverhampton Wanderers,"LB, LM",LB,Norway
274246,Lewis Miley,L. Miley,72,Newcastle United,CM,SUB,England
274732,Dmytro KryskivКриськів Дмитро Ігорович,D. Kryskiv,72,Shakhtar Donetsk,"CM, CDM",CM,Ukraine
254022,Nick Woltemade,N. Woltemade,79,Newcastle United,"ST, CAM",ST,Germany
208892,Samuel Mark Byram,S. Byram,72,Leeds United,"LB, RB, LM",SUB,England
258575,Emmanuel Elysee Djedje Agbadou Badobre,E. Agbadou,79,Wolverhampton Wanderers,CB,CB,Côte d'Ivoire
79402,Igor Jesus Maciel da Cruz,Igor Jesus,77,Nottingham Forest,ST,SUB,Brazil
264337,Rodrigo Muniz Carvalho,Rodrigo Muniz,75,Fulham FC,ST,ST,Brazil
238756,Jørgen Strand Larsen,J. Larsen,78,Wolverhampton Wanderers,ST,ST,Norway
224494,Rico Antonio Henry,R. Henry,76,Brentford,"LB, LM",SUB,England
259036,Viktor KornienkoКорнієнко Віктор Валерійович,V. Korniienko,67,Shakhtar Donetsk,"LB, LM",RES,Ukraine
235735,Ethan Kwame Colm Raymond Ampadu,E. Ampadu,76,Leeds United,"CB, CDM",SUB,Wales
258607,Tote António Gomes,Toti,75,Wolverhampton Wanderers,CB,LCB,Portugal
221660,Victor Jörgen Nilsson Lindelöf,V. Lindelöf,75,Aston Villa,CB,SUB,Sweden
224258,Kristoffer Vassbakk Köpp Ajer,K. Ajer,75,Brentford,"RB, CB, RM",SUB,Norway
242021,Yegor NazarynaНазарина Єгор Анатолійович,Y. Nazaryna,69,Shakhtar Donetsk,"CM, CDM, RB",LCM,Ukraine
271975,Stefan Bajčetić Maquieira,Stefan Bajcetic,73,Liverpool,"CDM, CM, CB",RES,Spain
205990,Harrison James Reed,H. Reed,72,Fulham FC,"CDM, CM",SUB,England
253510,Jake O'Brien,J. O'Brien,76,Everton,"CB, RB, RM",RB,Republic of Ireland
74069,Mykola MykhaylenkoМихайленко Микола Миколайович,M. Mykhailenko,68,Dynamo Kyiv,"CM, CDM, CB",LDM,Ukraine
266755,Vladyslav DubinchakДубінчак Владислав Юрійович,V. Dubinchak,71,Dynamo Kyiv,"LB, LM, LW",LB,Ukraine
186905,Ashley Luke Barnes,A. Barnes,70,Burnley,"ST, CAM, CM",RES,England
272777,Bashir Humphreys,B. Humphreys,73,Burnley,"LB, CB, RB",SUB,England
70571,Kevin Santos Lopes de Macedo,Kevin,76,Fulham FC,"LM, LW, RW",SUB,Brazil
253150,Mike Trésor Ndayishimiye,M. Trésor,73,Burnley,"LM, CAM, LW",RES,Belgium
272612,Brajan Gruda,B. Gruda,74,Brighton & Hove Albion,"CAM, RM, CM",SUB,Germany
256831,Dennis Cirkin,D. Cirkin,72,Sunderland,"LB, LM",RES,England
73885,Charalampos KostoulasΧαράλαμπος Κωστούλας,C. Kostoulas,72,Brighton & Hove Albion,"ST, CAM, RM",SUB,Greece
248695,Wesley Fofana,W. Fofana,79,Chelsea,CB,SUB,France
243669,Jaidon Kya Denley Anthony,J. Anthony,74,Burnley,"LM, RM, LW",LM,England
236506,Marcos Nicolás Senesi Barón,M. Senesi,78,AFC Bournemouth,CB,LCB,Argentina
227927,Kyle Leonardus Walker-Peters,K. Walker-Peters,75,West Ham United,"RB, RM, LB",SUB,England
237678,Ibrahima Konaté,I. Konaté,86,Liverpool,CB,RCB,France
263804,Yukhym KonoplyaКонопля Юхим Дмитрович,Y. Konoplia,72,Shakhtar Donetsk,"RB, RM, LB",SUB,Ukraine
247678,Julián Vicente Araujo Zúñiga,J. Araujo,74,AFC Bournemouth,"RB, RM",SUB,Mexico
77760,Kauã Elias Nogueira,Kauã Elias,71,Shakhtar Donetsk,ST,SUB,Brazil
279497,Tyler-Jay Robert Dibling,T. Dibling,74,Everton,"RM, RW, CAM",SUB,England
221479,Dominic Nathaniel Calvert-Lewin,D. Calvert-Lewin,74,Leeds United,ST,SUB,England
245388,Jean-Clair Dimitri Roger Todibo,J. Todibo,78,West Ham United,CB,RCB,France
71651,Joshua Kofi Acheampong,J. Acheampong,70,Chelsea,"RB, CB, CDM, RM",SUB,England
255472,Pedro Victor Delmino da Silva,Pedrinho,73,Shakhtar Donetsk,"RM, CAM, LM, RW",SUB,Brazil
268411,Vinicius Augusto Tobias da Silva,Vinícius Tobías,70,Shakhtar Donetsk,"RB, RM, LB",RB,Brazil
258906,Degnand Wilfried Gnonto,W. Gnonto,74,Leeds United,"RM, LM, RW",LM,Italy
244067,Guy Maxence Lacroix,M. Lacroix,79,Crystal Palace,CB,CB,France
190456,Nathaniel Edwin Clyne,N. Clyne,70,Crystal Palace,"RB, CB, RM",SUB,England
251954,Crysencio Jilbert Sylverio Summerville,C. Summerville,76,West Ham United,"LM, LW",SUB,Netherlands
273459,Christopher John Rigg,C. Rigg,70,Sunderland,"CAM, CM",SUB,England
251810,Brian Ebenezer Adjei Brobbey,B. Brobbey,77,Sunderland,ST,SUB,Netherlands
256442,Jay Matete,J. Matete,64,Sunderland,"CM, CDM",RES,England
276295,Thierno Barry,T. Barry,77,Everton,ST,SUB,France
202695,James Alan Tarkowski,J. Tarkowski,80,Everton,CB,RCB,England
266032,Jamie Jermaine Bynoe-Gittens,J. Gittens,78,Chelsea,"LM, LW",LM,England
263582,Myles Spencer Peart-Harris,M. Peart-Harris,67,Brentford,"RM, LM, RW",SUB,England
238095,Nikola Milenković,N. Milenković,83,Nottingham Forest,CB,RCB,Serbia
77883,Alisson Santana Lopes da Fonseca,Alisson,70,Shakhtar Donetsk,"RW, CAM, LW, RM",SUB,Brazil
271544,Oleksandr YatsykЯцик Олександр Олександрович,O. Yatsyk,69,Dynamo Kyiv,CM,SUB,Ukraine
70786,Joshua David Steven King,J. King,68,Fulham FC,"CM, CDM, CAM",CAM,England
225100,Joseph Dave Gomez,J. Gomez,79,Liverpool,"CB, RB, LB, RM",SUB,England
277869,Michael Olabode Kayode,M. Kayode,73,Brentford,"RB, RM",RB,Italy
259205,Naouirou Mohamed Ahamada,N. Ahamada,68,Crystal Palace,"CM, CAM, RM",SUB,France
231448,Reiss Luke Nelson,R. Nelson,75,Brentford,"RM, LM, RW",SUB,England
266400,Trai Hume,T. Hume,74,Sunderland,"RB, CB",RB,Northern Ireland
247335,Wilson Isidor,W. Isidor,72,Sunderland,ST,ST,France
231485,Axel Tuanzebe,A. Tuanzebe,73,Burnley,"RB, CB",RES,Congo DR
235619,Marcus Edwards,M. Edwards,76,Burnley,"RM, RW",RM,England
243849,Edmond-Paris Maghoma,P. Maghoma,66,Brentford,"CM, CDM",RES,England
257896,Nathan Kenneth Patterson,N. Patterson,71,Everton,"RB, RM",SUB,Scotland
278928,Alejandro Jiménez Sánchez,Álex Jiménez,71,AFC Bournemouth,"RB, LB, RM",SUB,Spain
260779,Simon Adingra,S. Adingra,76,Sunderland,"RM, LM, RW",LM,Côte d'Ivoire
271542,Kostiantyn VivcharenkoВівчаренко Костянтин Русланович,K. Vivcharenko,69,Dynamo Kyiv,"LB, CB, LM",SUB,Ukraine
271248,Eliezer Mayenda Dossou,E. Mayenda,71,Sunderland,"ST, RM, LM, RW",SUB,Spain
259170,Rodrigo Martins Gomes,Rodrigo Gomes,72,Wolverhampton Wanderers,"RW, LW, RM",SUB,Portugal
273616,Romain Joy Kouakou Esse,R. Esse,70,Crystal Palace,"RW, CAM, LW, RM",SUB,England
239360,Pascal Augustus Struijk,P. Struijk,76,Leeds United,CB,LCB,Netherlands
274102,Oliver Scarles,O. Scarles,70,West Ham United,"LB, LM",SUB,England
247249,Joël Mohammed Ramzan Piroe,J. Piroe,75,Leeds United,ST,ST,Netherlands
72669,Maksym BragaruБрагару Максим Ігорович,M. Bragaru,69,Dynamo Kyiv,"LM, LB, LW",SUB,Ukraine
241173,Lyle Brent Foster,L. Foster,72,Burnley,"ST, LM, CAM",ST,South Africa
264209,Lamare Trenton Chansey Bogarde,L. Bogarde,71,Aston Villa,"CDM, CM, RB, RM",SUB,Netherlands
264349,James John McAtee,J. McAtee,73,Nottingham Forest,"RM, CM, RW",SUB,England
199915,Lewis Carl Dunk,L. Dunk,77,Brighton & Hove Albion,CB,LCB,England
257270,Timothée Joseph Pembélé,T. Pembélé,70,Sunderland,"RB, CB, RM",RES,France
73094,Valentyn RubchynskyiРубчинський Валентин Миколайович,V. Rubchynskyi,67,Dynamo Kyiv,"CM, CAM, CDM",SUB,Ukraine
215703,Marlon Santos da Silva Barbosa,Marlon,72,Shakhtar Donetsk,CB,SUB,Brazil
275102,Soungoutou Magassa,S. Magassa,73,West Ham United,"CDM, CM, CB",SUB,France
258308,Oleksandr TymchykТимчик Олександр Васильович,O. Tymchyk,72,Dynamo Kyiv,"RB, CB, LB, RM",RB,Ukraine
277031,Abdukodir Khusanov,A. Khusanov,77,Manchester City,CB,SUB,Uzbekistan
212419,Tyrone Deon Mings,T. Mings,78,Aston Villa,CB,LCB,England
256725,Fábio Leandro Freitas Gouveia Carvalho,Fábio Carvalho,74,Brentford,"CAM, CM, RM",RM,Portugal
222104,Abdul-Nasir Oluwatosin Oluwadoyinsolami Adarabioyo,T. Adarabioyo,78,Chelsea,CB,LCB,England
242453,Sepp van den Berg,S. van den Berg,77,Brentford,"CB, RB",LCB,Netherlands
251892,Norberto Bercique Gomes Betuncal,Beto,76,Everton,ST,ST,Guinea-Bissau
230978,Taiwo Michael Awoniyi,T. Awoniyi,75,Nottingham Forest,ST,SUB,Nigeria
275048,Chemsdine Talbi,C. Talbi,73,Sunderland,"RM, LM, RW",RM,Morocco
269495,Facundo Valentín Buonanotte,F. Buonanotte,75,Chelsea,"RM, CAM, RW",RES,Argentina
270579,Wilson Serge Eric Odobert,W. Odobert,75,Tottenham Hotspur,"LW, RW, LM",SUB,France
278157,Ángel Yesid Torres Quiñones,Á. Torres,66,Dynamo Kyiv,"LM, RM, CAM, LW",RES,Colombia
258911,Toluwalase Emmanuel Arokodare,T. Arokodare,79,Wolverhampton Wanderers,ST,SUB,Nigeria
264846,Cristhian Andrey Mosquera Ibarguen,Mosquera,77,Arsenal,CB,SUB,Spain
275771,Igor Thiago Nascimento Rodrigues,Igor Thiago,75,Brentford,ST,ST,Brazil
262149,Abdoullah Ba,A. Ba,66,Sunderland,"RM, LM, RW",RES,France
242578,Benoît Badiashile Mukinayi,B. Badiashile,76,Chelsea,CB,RES,France
242660,Louis Jordan Beyer,J. Beyer,74,Burnley,CB,RES,Germany
262794,Oliver Sonne Christensen,O. Sonne,70,Burnley,"RB, LB, CM, RM",SUB,Peru
246728,Lassina Chamste Soudine Franck Traoré,L. Traoré,71,Shakhtar Donetsk,"ST, LM, RW",SUB,Burkina Faso
264880,Loum Tchaouna,L. Tchaouna,69,Burnley,"RM, ST, RW",SUB,France
70862,Viktor TsukanovЦуканов Віктор Михайлович,V. Tsukanov,65,Shakhtar Donetsk,"CM, CAM, RM",RES,Ukraine
75628,Fernando López González,Fer López,73,Wolverhampton Wanderers,"RW, RM",SUB,Spain
248698,Valeriy BondarБондар Валерій Юрійович,V. Bondar,75,Shakhtar Donetsk,"CB, RB, LB",RCB,Ukraine
245336,Maximilian William Kilman,M. Kilman,77,West Ham United,CB,CB,England
236988,Edward Keddar Nketiah,E. Nketiah,74,Crystal Palace,ST,RES,England
242000,Konstantinos MavropanosΚωνσταντίνος Μαυροπάνος,K. Mavropanos,76,West Ham United,CB,SUB,Greece
71998,Tyrique George,T. George,71,Chelsea,"LM, RM, ST, LW",SUB,England
269087,Leny Yoro,L. Yoro,78,Manchester United,CB,RCB,France
262042,Maxime Estève,M. Estève,76,Burnley,CB,LCB,France
74142,Diego Basilio León Blanco,D. León,64,Manchester United,"LB, LM",SUB,Paraguay
251809,Sven Adriaan Botman,S. Botman,82,Newcastle United,CB,SUB,Netherlands
278813,Marc Guiu Paz,Marc Guiu,71,Chelsea,ST,RES,Spain
277193,Pedro Henrique Azevedo Pereira,Pedro Henrique,72,Shakhtar Donetsk,"LB, LM, RB",LB,Brazil
268903,Romaine Lee Mundle,R. Mundle,71,Sunderland,"LM, LW, RM",RES,England
278101,Callum Marshall,C. Marshall,66,West Ham United,"ST, RM, RW",SUB,Northern Ireland
198032,Daniel Johnson Burn,D. Burn,79,Newcastle United,CB,LCB,England
230559,Maryan ShvedШвед Мар'ян Васильович,M. Shved,69,Shakhtar Donetsk,"RM, RW",RW,Ukraine
237985,Kevin Danso,K. Danso,79,Tottenham Hotspur,CB,SUB,Austria
274726,Nazar VoloshynВолошин Назар Ігорович,N. Voloshyn,70,Dynamo Kyiv,"LM, RM, CAM, LW",SUB,Ukraine
74978,Eduardo Antonio Guerrero Locano,E. Guerrero,69,Dynamo Kyiv,ST,SUB,Panama
229942,Axel Arthur Disasi,A. Disasi,77,Chelsea,"CB, RB, RM",RES,France
266815,Ben Gannon Doak,B. Gannon-Doak,71,AFC Bournemouth,"RM, RW",SUB,Scotland
269796,Julio César Soler Barreto,J. Soler,68,AFC Bournemouth,"LB, LM",SUB,Argentina
72754,Luis Guilherme Lira dos Santos,Luis Guilherme,71,West Ham United,"RM, LM, CAM, RW",RES,Brazil
277295,Oscar Bobb,O. Bobb,72,Manchester City,"RW, LW, RM",RW,Norway
80376,Rio Bass Ray Ngumoha Adigun,R. Ngumoha,68,Liverpool,"LM, LW",SUB,England
242663,Sebastiaan Bornauw,S. Bornauw,74,Leeds United,CB,SUB,Belgium
274699,Stefanos TzimasΣτέφανος Τζίμας,S. Tzimas,72,Brighton & Hove Albion,ST,SUB,Greece
245132,Denys PopovПопов Денис Юрійович,D. Popov,75,Dynamo Kyiv,"CB, RB, CDM",RCB,Ukraine
252897,Calvin William Ramsay,C. Ramsay,65,Liverpool,"RB, RM",RES,Scotland
278075,Irakli Azaroviირაკლი აზაროვი,I. Azarov,70,Shakhtar Donetsk,"LB, LM, LW",SUB,Georgia
70448,Adam Aznou Ben Cheikhآدم أزنو,A. Aznou,66,Everton,LB,SUB,Morocco
79629,Jair Paula da Cunha Filho,Jair Cunha,74,Nottingham Forest,CB,RES,Brazil
260105,Radu Matei Drăgușin,R. Drăgușin,75,Tottenham Hotspur,CB,RES,Romania
247649,Jarrad Paul Branthwaite,J. Branthwaite,79,Everton,CB,SUB,England
278097,George Robert Earthy,G. Earthy,67,West Ham United,"CAM, RM, CM",RES,England
238717,Ethan Rupert Pinnock,E. Pinnock,77,Brentford,CB,SUB,Jamaica
256268,Armando Broja,A. Broja,72,Burnley,ST,SUB,Albania
207599,Michael Vincent Keane,M. Keane,73,Everton,CB,LCB,England
277448,Eguinaldo de Sousa Lemos,Eguinaldo,70,Shakhtar Donetsk,"LM, LW, ST",ST,Brazil
248492,James Clayton Hill,J. Hill,71,AFC Bournemouth,"CB, RB, RM",SUB,England
241585,Igor Júlio dos Santos de Paulo,Igor Julio,76,West Ham United,"CB, LB, LM",LCB,Brazil
74310,Nicolò Savona,N. Savona,71,Nottingham Forest,"RB, LB, RM",RES,Italy
80816,Bradley Burrowes,B. Burrowes,65,Aston Villa,"RM, ST, RW",SUB,England
237522,Jorge Cuenca Barreno,Jorge Cuenca,74,Fulham FC,CB,SUB,Spain
72919,Alaa Ghramعلاء غرام,A. Ghram,67,Shakhtar Donetsk,"CB, CDM, CM",SUB,Tunisia
229266,Joseph Peter Rodon,J. Rodon,76,Leeds United,CB,RCB,Wales
248484,Nathan Michael Collins,N. Collins,79,Brentford,CB,RCB,Republic of Ireland
275246,Thomas Watson,T. Watson,68,Brighton & Hove Albion,"LM, RM, LW",SUB,England
250954,Christopher Jeffrey Richards,C. Richards,77,Crystal Palace,CB,RCB,United States
259252,Eric Kleybel Ramírez Matheus,E. Ramírez,66,Dynamo Kyiv,ST,RES,Venezuela
76604,Ivan PetryakПетряк Іван Євгенійович,I. Petryak,65,Shakhtar Donetsk,"LW, LM, RM",SUB,Ukraine
73896,Caleb Billy Mawuko Kporha,C. Kporha,62,Crystal Palace,"RB, RM",SUB,England
274724,Vladyslav KabaevКабаєв Владислав Олександрович,V. Kabaev,70,Dynamo Kyiv,"LM, CAM, RW, LW",LM,Ukraine
277194,Newerton Martins da Silva,Newerton,70,Shakhtar Donetsk,"LW, LM",LW,Brazil
237440,Hannes Delcroix,H. Delcroix,71,Burnley,"CB, LB",RES,Belgium
71330,Taras MykhavkoМихавко Тарас Васильович,T. Mykhavko,70,Dynamo Kyiv,CB,LCB,Ukraine
279519,Tawanda Blessing Chirewa,T. Chirewa,64,Wolverhampton Wanderers,"LM, CAM, RM, LB",RES,Zimbabwe
271548,Oleg OcheretkoОчеретько Олег Андрійович,O. Ocheretko,66,Shakhtar Donetsk,"CAM, CM",RES,Ukraine
258805,Harrison Charles Ashby,H. Ashby,64,Newcastle United,"RB, LB, RM",RES,Scotland
279128,Treymaurice Nyoni,T. Nyoni,64,Liverpool,"CM, CAM",SUB,England
256008,Felipe Rodrigues da Silva,Morato,76,Nottingham Forest,"CB, LB, LM",SUB,Brazil
74097,Anton GlushchenkoГлущенко Антон Ігорович,A. Hluschenko,64,Shakhtar Donetsk,"LW, LM, CAM",RES,Ukraine
258490,Chadi Riad Dnanouشادي رياض دنانو,C. Riad,72,Crystal Palace,CB,RES,Morocco
269181,Diego Coppola,D. Coppola,74,Brighton & Hove Albion,CB,SUB,Italy
231633,Issa Laye Lucas Jean Diop,I. Diop,76,Fulham FC,CB,SUB,France
74759,Gustavo Nunes Fernandes Gomes,Gustavo Nunes,65,Brentford,"LM, RM, LW",RES,Brazil
243390,Ian Carlo Poveda-Ocampo,I. Poveda,69,Sunderland,"RM, CAM, RW",RES,Colombia
80916,Luca Oliveira Meirelles,Luca Meirelles,65,Shakhtar Donetsk,"ST, LW",RES,Brazil
207616,Adam Harry Webster,A. Webster,75,Brighton & Hove Albion,CB,RES,England
264702,Kota Takai高井 幸大,K. Takai,72,Tottenham Hotspur,CB,RES,Japan
80882,Lucas dos Santos Ferreira,Lucas Ferreira,67,Shakhtar Donetsk,"RW, LM, CAM, RM",RES,Brazil
77354,Chidozie Obi-Martin,C. Obi,65,Manchester United,ST,RES,Denmark
261025,Dane Pharrell Scarlett,D. Scarlett,65,Tottenham Hotspur,"ST, LW, LM",RES,England
237658,Santiago Ignacio Bueno Sciutto,S. Bueno,76,Wolverhampton Wanderers,CB,SUB,Uruguay
71066,Matviy PonomarenkoПономаренко Матвій Русланович,M. Ponomarenko,65,Dynamo Kyiv,"ST, RW, LW",SUB,Ukraine
256666,Yerson Mosquera Valdelamar,Y. Mosquera,72,Wolverhampton Wanderers,CB,SUB,Colombia
74133,Jaydee Canvot,J. Canvot,70,Crystal Palace,"CB, CDM, CM",SUB,France
270617,Alex Murphy,A. Murphy,64,Newcastle United,"LB, CB, LM",RES,Republic of Ireland
270519,William Idamudia Daugaard Osula,W. Osula,68,Newcastle United,ST,SUB,Denmark
277705,Yunus Emre Konak,Y. Konak,62,Brentford,"CDM, CM, CB",RES,Türkiye
243908,Daniel George Ballard,D. Ballard,73,Sunderland,CB,SUB,Northern Ireland
271704,Vladislav Blănuță,V. Blănuță,68,Dynamo Kyiv,ST,ST,Romania
240867,Ajibola Joshua Odunayo Afolarin Alese,A. Alese,66,Sunderland,"LB, CB",RES,England
252316,Hjalmar Ekdal,H. Ekdal,72,Burnley,CB,RCB,Sweden
81319,Veljko Milosavljević,V. Milosavljević,70,AFC Bournemouth,CB,SUB,Serbia
272983,Jaydon Amauri Banel,J. Banel,64,Burnley,"LM, LW, RW",RES,Netherlands
271549,Maryan FarynaФарина Мар'ян Іванович,M. Faryna,65,Shakhtar Donetsk,"CB, LB, RB",RES,Ukraine
74145,Samuel Nicholas Chambers,S. Chambers,61,Leeds United,"CAM, RM, CM",RES,Scotland
277442,Bilovar Kristian RuslanovychБіловар Крістіан Русланович,K. Bilovar,68,Dynamo Kyiv,"CB, CDM, RB",SUB,Ukraine
253969,Leo Fuhr Hjelde,L. Hjelde,66,Sunderland,"LB, CB, LM",RES,Norway
75087,Ayden Edford Heaven,A. Heaven,69,Manchester United,"CB, LB",SUB,England
202750,Willy-Arnaud Zobo Boly,W. Boly,73,Nottingham Forest,CB,SUB,Côte d'Ivoire
274377,Enso David Gonzalez Medina,E. González,63,Wolverhampton Wanderers,"LW, RW, CAM, LM",RES,Paraguay
202811,Damián Emiliano Martínez Romero,E. Martínez,85,Aston Villa,GK,GK,Argentina
204935,Jordan Lee Pickford,J. Pickford,84,Everton,GK,GK,England
77593,Mateus Bula Dami Mané,Mateus Mané,60,Wolverhampton Wanderers,"RW, ST, RM",RES,England
274728,Samba Diallo,S. Diallo,63,Dynamo Kyiv,"LM, LW",RES,Senegal
273927,Enock Atta Agyei,E. Agyei,63,Burnley,"RM, RW",RES,Belgium
71493,Harrison Jones,H. Jones,59,Sunderland,"CAM, CM",SUB,England
269233,Tyler Fredricson,T. Fredricson,65,Manchester United,CB,SUB,England
278919,Romelle Donovan,R. Donovan,61,Brentford,"RM, CAM, RW",RES,England
80917,Isaque Severino Silva,Isaque,65,Shakhtar Donetsk,"CAM, CM",SUB,Brazil
203487,Jamaal Lascelles,J. Lascelles,73,Newcastle United,CB,RES,England
230708,Joseph Adrian Worrall,J. Worrall,73,Burnley,CB,SUB,England
212831,Alisson Ramsés Becker,Alisson,89,Liverpool,GK,GK,Brazil
278146,Benjamin Arthur,B. Arthur,62,Brentford,CB,RES,England
274723,Khusrav ToirovТоиров Хусрав,K. Toirov,62,Shakhtar Donetsk,"LW, RW, ST, LM",RES,Tajikistan
220901,David Raya Martín,David Raya,87,Arsenal,GK,GK,Spain
273898,Joseph William Anderson,J. Anderson,63,Sunderland,CB,RES,England
247601,Rhys Williams,R. Williams,61,Liverpool,CB,RES,England
278578,Jonah Daniel Kusi-Asare,J. Kusi-Asare,60,Fulham FC,ST,RES,Sweden
274219,Ahmed Abdullahi,A. Abdullahi,58,Sunderland,ST,RES,Nigeria
271235,Owen Lucas Bevan,O. Bevan,62,AFC Bournemouth,CB,RES,Wales
200159,Stefan Ortega Moreno,S. Ortega,79,Manchester City,GK,SUB,Germany
74242,Zach MacFarlane Abbott,Z. Abbott,60,Nottingham Forest,CB,RES,England
266424,Zak Robert Johnson,Z. Johnson,57,Sunderland,CB,RES,England
278569,Aliou Thiaré,A. Thiaré,64,Dynamo Kyiv,CB,RES,Senegal
70824,Giovanni Leoni,G. Leoni,69,Liverpool,CB,SUB,Italy
233934,Aaron Christopher Ramsdale,A. Ramsdale,77,Newcastle United,GK,SUB,England
193105,Alphonse Francis Aréola,A. Areola,77,West Ham United,GK,SUB,France
230621,Gianluigi Donnarumma,G. Donnarumma,89,Manchester City,GK,GK,Italy
228789,Robert Lynch Sánchez,Robert Sánchez,78,Chelsea,GK,GK,Spain
75802,Diego Junior Arroyo Maldonado,D. Arroyo,57,Shakhtar Donetsk,CB,RES,Bolivia
202617,Václav Hladký,V. Hladký,69,Burnley,GK,RES,Czechia
192563,Bernd Leno,B. Leno,80,Fulham FC,GK,GK,Germany
240091,Guglielmo Vicario,G. Vicario,82,Tottenham Hotspur,GK,GK,Italy
263063,James Harrington Trafford,J. Trafford,76,Manchester City,GK,SUB,England
212442,José Pedro Malheiro de Sá,José Sá,77,Wolverhampton Wanderers,GK,GK,Portugal
233306,Dean Bradley Henderson,D. Henderson,81,Crystal Palace,GK,GK,England
199641,Matz Willy Els Sels,M. Sels,83,Nottingham Forest,GK,GK,Belgium
206585,Kepa Arrizabalaga Revuelta,Kepa,79,Arsenal,GK,SUB,Spain
220407,Martin Dúbravka,M. Dúbravka,77,Burnley,GK,GK,Slovakia
230670,Lucas Estella Perri,Lucas Perri,81,Leeds United,GK,GK,Brazil
203841,Nicholas David Pope,N. Pope,81,Newcastle United,GK,GK,England
246158,Mads Hermansen,M. Hermansen,76,West Ham United,GK,GK,Denmark
269626,Đorđe PetrovićЂорђе Петровић,Đ. Petrović,80,AFC Bournemouth,GK,GK,Serbia
200110,Marco Bizot,M. Bizot,78,Aston Villa,GK,SUB,Netherlands
240913,Caoimhín Odhrán Kelleher,C. Kelleher,79,Brentford,GK,GK,Republic of Ireland
215223,Walter Daniel Benítez,W. Benítez,79,Crystal Palace,GK,SUB,Argentina
164835,Łukasz Marek Fabiański,Ł. Fabiański,75,West Ham United,GK,RES,Poland
271756,Matai Akinmboni,M. Akinmboni,55,AFC Bournemouth,CB,RES,United States
265628,Dmytro RiznykРізник Дмитро Григорович,D. Riznyk,74,Shakhtar Donetsk,GK,GK,Ukraine
193331,Karl Darlow,K. Darlow,72,Leeds United,GK,SUB,Wales
188836,Jason Sean Steele,J. Steele,73,Brighton & Hove Albion,GK,SUB,England
206075,Samuel Luke Johnstone,S. Johnstone,76,Wolverhampton Wanderers,GK,SUB,England
258498,Bart Verbruggen,B. Verbruggen,78,Brighton & Hove Albion,GK,GK,Netherlands
258485,Filip Jørgensen,F. Jörgensen,77,Chelsea,GK,SUB,Denmark
216325,Angus Fraser James Gunn,A. Gunn,72,Nottingham Forest,GK,SUB,Scotland
194150,Simon William Moore,S. Moore,66,Sunderland,GK,RES,England
198350,Daniel Ian Bentley,D. Bentley,71,Wolverhampton Wanderers,GK,SUB,England
242656,Illan Stéphane Meslier,I. Meslier,72,Leeds United,GK,RES,France
163264,Thomas David Heaton,T. Heaton,67,Manchester United,GK,SUB,England
222514,Frederick John Woodman,F. Woodman,71,Liverpool,GK,RES,England
246417,Anthony Patterson,A. Patterson,73,Sunderland,GK,SUB,England
232284,Mark Travers,M. Travers,72,Everton,GK,SUB,Republic of Ireland
200726,Benjamin Lecomte,B. Lecomte,74,Fulham FC,GK,SUB,France
243647,Altay Bayındır,A. Bayındır,75,Manchester United,GK,GK,Türkiye
262621,Giorgi Mamardashviliგიორგი მამარდაშვილი,G. Mamardashvili,84,Liverpool,GK,SUB,Georgia
248158,Gabriel Paweł Słonina,G. Slonina,68,Chelsea,GK,SUB,United States
225650,Thomas Lloyd King,T. King,64,Everton,GK,RES,Wales
203824,Remi Luke Matthews,R. Matthews,63,Crystal Palace,GK,SUB,England
204246,Marcus Bettinelli,M. Bettinelli,70,Manchester City,GK,SUB,England
254803,Senne Lammens,S. Lammens,78,Manchester United,GK,SUB,Belgium
203215,Alexander Thomas Cairns,A. Cairns,63,Leeds United,GK,RES,England
73580,Antonín Kinský,A. Kinský,75,Tottenham Hotspur,GK,SUB,Czechia
236663,Ellery Ronald Balcombe,E. Balcombe,63,Brentford,GK,RES,England
264133,Hákon Rafn Valdimarsson,H. Valdimarsson,68,Brentford,GK,SUB,Iceland
252789,Ruslan NeshcheretНещерет Руслан Олексійович,R. Neshcheret,70,Dynamo Kyiv,GK,GK,Ukraine
163600,John Thomas Gordon Ruddy,J. Ruddy,68,Newcastle United,GK,RES,England
72917,Kiril FesyunФесюн Кіріл Вадимович,K. Fesiun,69,Shakhtar Donetsk,GK,SUB,Ukraine
198039,Mark Joseph Gillespie,M. Gillespie,62,Newcastle United,GK,RES,England
71331,Denys TvardovskyiТвардовський Денис Дмитрович,D. Tvardovskyi,61,Shakhtar Donetsk,GK,RES,Ukraine
236568,Brandon Anthony Austin,B. Austin,67,Tottenham Hotspur,GK,RES,England
269096,Max Weiß,M. Weiß,68,Burnley,GK,SUB,Germany
243588,Thomas Peter Wayne McGill,T. McGill,62,Brighton & Hove Albion,GK,RES,Canada
263798,Robin Roefs,R. Roefs,74,Sunderland,GK,GK,Netherlands
79922,Ármin Pécsi,Á. Pécsi,64,Liverpool,GK,RES,Hungary
243048,William Jonathan Dennis,W. Dennis,67,AFC Bournemouth,GK,SUB,England
80381,Vyacheslav Surkis,V. Surkis,54,Dynamo Kyiv,GK,RES,Ukraine
234724,John Victor Maciel Furtado,John Victor,71,Nottingham Forest,GK,RES,Brazil
256488,Matthew Aidan Cox,M. Cox,65,Brentford,GK,RES,England
271546,Valentyn MorgunМоргун Валентин Олегович,V. Morgun,60,Dynamo Kyiv,GK,RES,Ukraine
268631,Harry Alfred Tyrer,H. Tyrer,64,Everton,GK,SUB,England
257138,Blondy Rudolph Nna Noukeu,B. Nna Noukeu,57,Sunderland,GK,RES,Cameroon
73253,Julian Eyestone,J. Eyestone,58,Brentford,GK,RES,United States
274730,Denys IgnatenkoІгнатенко Денис Володимирович,D. Ignatenko,60,Dynamo Kyiv,GK,SUB,Ukraine
72026,Callan McKenna,C. McKenna,57,AFC Bournemouth,GK,RES,Scotland
